[{"name": "12\u5468\u8001\u5e08"}, {"name": "26\u7a0b\u8001\u5e08"}, {"name": "97\u9648\u8001\u5e08"}, {"name": "98\u738b\u8001\u5e08"}, {"name": "100\u8881\u8001\u5e08"}, {"name": "103\u9648\u8001\u5e08"}, {"name": "105\u6c88\u8001\u5e08"}, {"name": "106\u6731\u8001\u5e08"}, {"name": "107\u5434\u8001\u5e08"}, {"name": "108\u738b\u8001\u5e08"}, {"name": "109\u4f55\u8001\u5e08"}, {"name": "112\u738b\u8001\u5e08"}, {"name": "116\u5468\u8001\u5e08"}, {"name": "117\u6b66\u8001\u5e08"}, {"name": "119\u738b\u8001\u5e08"}, {"name": "124\u9648\u8001\u5e08"}, {"name": "128\u9ad8\u8001\u5e08"}, {"name": "129\u9648\u8001\u5e08"}, {"name": "134\u5f20\u8001\u5e08"}, {"name": "225\u90d1\u8001\u5e08"}, {"name": "228\u5468\u8001\u5e08"}, {"name": "229\u4f55\u8001\u5e08"}, {"name": "272\u90d1\u8001\u5e08"}, {"name": "273\u674e\u8001\u5e08"}, {"name": "274\u738b\u8001\u5e08"}, {"name": "333\u5f90\u8001\u5e08"}, {"name": "\u9ad8\u4e00(01)"}, {"name": "\u9ad8\u4e00(02)"}, {"name": "\u9ad8\u4e00(03)"}, {"name": "\u9ad8\u4e00(04)"}, {"name": "\u9ad8\u4e00(05)"}, {"name": "\u9ad8\u4e00(06)"}, {"name": "\u9ad8\u4e00(07)"}, {"name": "\u9ad8\u4e00(08)"}, {"name": "\u9ad8\u4e00(09)"}, {"name": "\u9ad8\u4e00(10)"}, {"name": "\u9ad8\u4e09(01)"}, {"name": "\u9ad8\u4e09(02)"}, {"name": "\u9ad8\u4e09(03)"}, {"name": "\u9ad8\u4e09(04)"}, {"name": "\u9ad8\u4e09(05)"}, {"name": "\u9ad8\u4e09(06)"}, {"name": "\u9ad8\u4e09(07)"}, {"name": "\u9ad8\u4e09(08)"}, {"name": "\u9ad8\u4e09(09)"}, {"name": "\u9ad8\u4e09(10)"}, {"name": "\u9ad8\u4e09(11)"}, {"name": "\u9ad8\u4e09(12) "}, {"name": "\u9ad8\u4e8c(01)"}, {"name": "\u9ad8\u4e8c(02)"}, {"name": "\u9ad8\u4e8c(03)"}, {"name": "\u9ad8\u4e8c(04)"}, {"name": "\u9ad8\u4e8c(05)"}, {"name": "\u9ad8\u4e8c(06)"}, {"name": "\u9ad8\u4e8c(07)"}, {"name": "\u9ad8\u4e8c(08)"}, {"name": "\u9ad8\u4e8c(09)"}, {"name": "\u9ad8\u4e8c(10)"}, {"name": "\u9ad8\u4e8c(11)"}]