[{"source": "174\u8303\u8001\u5e08", "target": "\u9ad8\u4e00(01)", "value": 1}, {"source": "174\u8303\u8001\u5e08", "target": "\u9ad8\u4e00(02)", "value": 1}, {"source": "174\u8303\u8001\u5e08", "target": "\u9ad8\u4e00(03)", "value": 1}, {"source": "174\u8303\u8001\u5e08", "target": "\u9ad8\u4e00(04)", "value": 1}, {"source": "219\u9648\u8001\u5e08", "target": "\u9ad8\u4e09(07)", "value": 1}, {"source": "233\u738b\u8001\u5e08", "target": "\u9ad8\u4e09(01)", "value": 1}, {"source": "233\u738b\u8001\u5e08", "target": "\u9ad8\u4e09(02)", "value": 1}, {"source": "233\u738b\u8001\u5e08", "target": "\u9ad8\u4e00(09)", "value": 1}, {"source": "234\u6768\u8001\u5e08", "target": "\u9ad8\u4e09(05)", "value": 1}, {"source": "234\u6768\u8001\u5e08", "target": "\u9ad8\u4e09(06)", "value": 1}, {"source": "234\u6768\u8001\u5e08", "target": "\u9ad8\u4e00(10)", "value": 1}, {"source": "252\u90b5\u8001\u5e08", "target": "\u9ad8\u4e09(04)", "value": 1}, {"source": "252\u90b5\u8001\u5e08", "target": "\u9ad8\u4e09(03)", "value": 1}, {"source": "253\u53f2\u8001\u5e08", "target": "\u9ad8\u4e8c(02)", "value": 1}, {"source": "253\u53f2\u8001\u5e08", "target": "\u9ad8\u4e8c(03)", "value": 1}, {"source": "253\u53f2\u8001\u5e08", "target": "\u9ad8\u4e8c(01)", "value": 1}, {"source": "276\u4efb\u8001\u5e08", "target": "\u9ad8\u4e09(08)", "value": 1}, {"source": "276\u4efb\u8001\u5e08", "target": "\u9ad8\u4e09(09)", "value": 1}, {"source": "276\u4efb\u8001\u5e08", "target": "\u9ad8\u4e09(10)", "value": 1}, {"source": "314\u9648\u8001\u5e08", "target": "\u9ad8\u4e8c(04)", "value": 1}, {"source": "314\u9648\u8001\u5e08", "target": "\u9ad8\u4e8c(05)", "value": 1}, {"source": "314\u9648\u8001\u5e08", "target": "\u9ad8\u4e8c(06)", "value": 1}, {"source": "339\u82cf\u8001\u5e08", "target": "\u9ad8\u4e8c(07)", "value": 1}, {"source": "339\u82cf\u8001\u5e08", "target": "\u9ad8\u4e00(05)", "value": 1}, {"source": "339\u82cf\u8001\u5e08", "target": "\u9ad8\u4e00(06)", "value": 1}, {"source": "339\u82cf\u8001\u5e08", "target": "\u9ad8\u4e00(07)", "value": 1}, {"source": "339\u82cf\u8001\u5e08", "target": "\u9ad8\u4e00(08)", "value": 1}, {"source": "340\u5434\u8001\u5e08", "target": "\u9ad8\u4e8c(08)", "value": 1}, {"source": "340\u5434\u8001\u5e08", "target": "\u9ad8\u4e8c(09)", "value": 1}, {"source": "340\u5434\u8001\u5e08", "target": "\u9ad8\u4e8c(10)", "value": 1}, {"source": "340\u5434\u8001\u5e08", "target": "\u9ad8\u4e8c(11)", "value": 1}]