[{"source": "213\u7a0b\u8001\u5e08", "target": "\u9ad8\u4e09(12) ", "value": 1}, {"source": "213\u7a0b\u8001\u5e08", "target": "\u9ad8\u4e09(04)", "value": 1}, {"source": "213\u7a0b\u8001\u5e08", "target": "\u9ad8\u4e09(05)", "value": 1}, {"source": "213\u7a0b\u8001\u5e08", "target": "\u9ad8\u4e09(06)", "value": 1}, {"source": "213\u7a0b\u8001\u5e08", "target": "\u9ad8\u4e09(10)", "value": 1}, {"source": "213\u7a0b\u8001\u5e08", "target": "\u9ad8\u4e09(11)", "value": 1}, {"source": "213\u7a0b\u8001\u5e08", "target": "\u9ad8\u4e00(01)", "value": 1}, {"source": "213\u7a0b\u8001\u5e08", "target": "\u9ad8\u4e00(02)", "value": 1}, {"source": "213\u7a0b\u8001\u5e08", "target": "\u9ad8\u4e00(03)", "value": 1}, {"source": "213\u7a0b\u8001\u5e08", "target": "\u9ad8\u4e00(04)", "value": 1}, {"source": "213\u7a0b\u8001\u5e08", "target": "\u9ad8\u4e00(05)", "value": 1}, {"source": "213\u7a0b\u8001\u5e08", "target": "\u9ad8\u4e00(06)", "value": 1}, {"source": "213\u7a0b\u8001\u5e08", "target": "\u9ad8\u4e00(07)", "value": 1}, {"source": "213\u7a0b\u8001\u5e08", "target": "\u9ad8\u4e00(08)", "value": 1}, {"source": "213\u7a0b\u8001\u5e08", "target": "\u9ad8\u4e00(09)", "value": 1}, {"source": "213\u7a0b\u8001\u5e08", "target": "\u9ad8\u4e00(10)", "value": 1}, {"source": "329\u6768\u8001\u5e08", "target": "\u9ad8\u4e8c(02)", "value": 1}, {"source": "329\u6768\u8001\u5e08", "target": "\u9ad8\u4e8c(03)", "value": 1}, {"source": "329\u6768\u8001\u5e08", "target": "\u9ad8\u4e8c(04)", "value": 1}, {"source": "329\u6768\u8001\u5e08", "target": "\u9ad8\u4e8c(05)", "value": 1}, {"source": "329\u6768\u8001\u5e08", "target": "\u9ad8\u4e8c(01)", "value": 1}, {"source": "329\u6768\u8001\u5e08", "target": "\u9ad8\u4e09(08)", "value": 1}, {"source": "329\u6768\u8001\u5e08", "target": "\u9ad8\u4e09(09)", "value": 1}, {"source": "329\u6768\u8001\u5e08", "target": "\u9ad8\u4e09(01)", "value": 1}, {"source": "329\u6768\u8001\u5e08", "target": "\u9ad8\u4e09(02)", "value": 1}, {"source": "329\u6768\u8001\u5e08", "target": "\u9ad8\u4e09(03)", "value": 1}, {"source": "329\u6768\u8001\u5e08", "target": "\u9ad8\u4e09(07)", "value": 1}]