[{"name": "70\u674e\u8001\u5e08"}, {"name": "71\u8d3e\u8001\u5e08"}, {"name": "72\u9ec4\u8001\u5e08"}, {"name": "73\u6234\u8001\u5e08"}, {"name": "74\u725f\u8001\u5e08"}, {"name": "75\u6768\u8001\u5e08"}, {"name": "76\u6731\u8001\u5e08"}, {"name": "78\u6f58\u8001\u5e08"}, {"name": "79\u675c\u8001\u5e08"}, {"name": "80\u5f20\u8001\u5e08"}, {"name": "83\u80e1\u8001\u5e08"}, {"name": "84\u7ae5\u8001\u5e08"}, {"name": "85\u5415\u8001\u5e08"}, {"name": "94\u5f20\u8001\u5e08"}, {"name": "95\u90d1\u8001\u5e08"}, {"name": "226\u5468\u8001\u5e08"}, {"name": "242\u7fc1\u8001\u5e08"}, {"name": "243\u95f5\u8001\u5e08"}, {"name": "245\u6881\u8001\u5e08"}, {"name": "246\u90ac\u8001\u5e08"}, {"name": "271\u8303\u8001\u5e08"}, {"name": "316\u9c81\u8001\u5e08"}, {"name": "\u9ad8\u4e00(01)"}, {"name": "\u9ad8\u4e00(02)"}, {"name": "\u9ad8\u4e00(03)"}, {"name": "\u9ad8\u4e00(04)"}, {"name": "\u9ad8\u4e00(05)"}, {"name": "\u9ad8\u4e00(06)"}, {"name": "\u9ad8\u4e00(07)"}, {"name": "\u9ad8\u4e00(08)"}, {"name": "\u9ad8\u4e00(09)"}, {"name": "\u9ad8\u4e00(10)"}, {"name": "\u9ad8\u4e09(01)"}, {"name": "\u9ad8\u4e09(02)"}, {"name": "\u9ad8\u4e09(03)"}, {"name": "\u9ad8\u4e09(04)"}, {"name": "\u9ad8\u4e09(05)"}, {"name": "\u9ad8\u4e09(06)"}, {"name": "\u9ad8\u4e09(07)"}, {"name": "\u9ad8\u4e09(08)"}, {"name": "\u9ad8\u4e09(09)"}, {"name": "\u9ad8\u4e09(10)"}, {"name": "\u9ad8\u4e09(11)"}, {"name": "\u9ad8\u4e09(12) "}, {"name": "\u9ad8\u4e8c(01)"}, {"name": "\u9ad8\u4e8c(02)"}, {"name": "\u9ad8\u4e8c(03)"}, {"name": "\u9ad8\u4e8c(04)"}, {"name": "\u9ad8\u4e8c(05)"}, {"name": "\u9ad8\u4e8c(06)"}, {"name": "\u9ad8\u4e8c(07)"}, {"name": "\u9ad8\u4e8c(08)"}, {"name": "\u9ad8\u4e8c(09)"}, {"name": "\u9ad8\u4e8c(10)"}, {"name": "\u9ad8\u4e8c(11)"}]