[{"name": "159\u5415\u8001\u5e08"}, {"name": "161\u738b\u8001\u5e08"}, {"name": "163\u6c6a\u8001\u5e08"}, {"name": "164\u6797\u8001\u5e08"}, {"name": "166\u9ec4\u8001\u5e08"}, {"name": "167\u90d1\u8001\u5e08"}, {"name": "168\u5f20\u8001\u5e08"}, {"name": "170\u4fde\u8001\u5e08"}, {"name": "171\u9648\u8001\u5e08"}, {"name": "172\u90ed\u8001\u5e08"}, {"name": "259\u5468\u8001\u5e08"}, {"name": "275\u738b\u8001\u5e08"}, {"name": "307\u6731\u8001\u5e08"}, {"name": "326\u5f20\u8001\u5e08"}, {"name": "\u9ad8\u4e00(01)"}, {"name": "\u9ad8\u4e00(02)"}, {"name": "\u9ad8\u4e00(03)"}, {"name": "\u9ad8\u4e00(04)"}, {"name": "\u9ad8\u4e00(05)"}, {"name": "\u9ad8\u4e00(06)"}, {"name": "\u9ad8\u4e00(07)"}, {"name": "\u9ad8\u4e00(08)"}, {"name": "\u9ad8\u4e00(09)"}, {"name": "\u9ad8\u4e00(10)"}, {"name": "\u9ad8\u4e09(01)"}, {"name": "\u9ad8\u4e09(02)"}, {"name": "\u9ad8\u4e09(03)"}, {"name": "\u9ad8\u4e09(04)"}, {"name": "\u9ad8\u4e09(05)"}, {"name": "\u9ad8\u4e09(06)"}, {"name": "\u9ad8\u4e09(07)"}, {"name": "\u9ad8\u4e09(08)"}, {"name": "\u9ad8\u4e09(09)"}, {"name": "\u9ad8\u4e09(10)"}, {"name": "\u9ad8\u4e8c(03)"}, {"name": "\u9ad8\u4e8c(04)"}, {"name": "\u9ad8\u4e8c(05)"}, {"name": "\u9ad8\u4e8c(06)"}, {"name": "\u9ad8\u4e8c(07)"}, {"name": "\u9ad8\u4e8c(08)"}, {"name": "\u9ad8\u4e8c(09)"}]