[{"source": "12\u5468\u8001\u5e08", "target": "\u9ad8\u4e8c(10)", "value": 1}, {"source": "12\u5468\u8001\u5e08", "target": "\u9ad8\u4e8c(11)", "value": 1}, {"source": "26\u7a0b\u8001\u5e08", "target": "\u9ad8\u4e8c(04)", "value": 1}, {"source": "26\u7a0b\u8001\u5e08", "target": "\u9ad8\u4e8c(05)", "value": 1}, {"source": "97\u9648\u8001\u5e08", "target": "\u9ad8\u4e00(09)", "value": 1}, {"source": "98\u738b\u8001\u5e08", "target": "\u9ad8\u4e00(08)", "value": 1}, {"source": "98\u738b\u8001\u5e08", "target": "\u9ad8\u4e00(08)", "value": 1}, {"source": "100\u8881\u8001\u5e08", "target": "\u9ad8\u4e09(01)", "value": 1}, {"source": "103\u9648\u8001\u5e08", "target": "\u9ad8\u4e8c(03)", "value": 1}, {"source": "103\u9648\u8001\u5e08", "target": "\u9ad8\u4e8c(01)", "value": 1}, {"source": "105\u6c88\u8001\u5e08", "target": "\u9ad8\u4e09(04)", "value": 1}, {"source": "105\u6c88\u8001\u5e08", "target": "\u9ad8\u4e09(03)", "value": 1}, {"source": "106\u6731\u8001\u5e08", "target": "\u9ad8\u4e00(01)", "value": 1}, {"source": "106\u6731\u8001\u5e08", "target": "\u9ad8\u4e00(02)", "value": 1}, {"source": "107\u5434\u8001\u5e08", "target": "\u9ad8\u4e8c(06)", "value": 1}, {"source": "107\u5434\u8001\u5e08", "target": "\u9ad8\u4e8c(07)", "value": 1}, {"source": "108\u738b\u8001\u5e08", "target": "\u9ad8\u4e8c(02)", "value": 1}, {"source": "108\u738b\u8001\u5e08", "target": "\u9ad8\u4e8c(03)", "value": 1}, {"source": "109\u4f55\u8001\u5e08", "target": "\u9ad8\u4e09(12) ", "value": 1}, {"source": "109\u4f55\u8001\u5e08", "target": "\u9ad8\u4e09(02)", "value": 1}, {"source": "109\u4f55\u8001\u5e08", "target": "\u9ad8\u4e09(11)", "value": 1}, {"source": "112\u738b\u8001\u5e08", "target": "\u9ad8\u4e8c(08)", "value": 1}, {"source": "112\u738b\u8001\u5e08", "target": "\u9ad8\u4e8c(09)", "value": 1}, {"source": "116\u5468\u8001\u5e08", "target": "\u9ad8\u4e00(01)", "value": 1}, {"source": "116\u5468\u8001\u5e08", "target": "\u9ad8\u4e00(02)", "value": 1}, {"source": "117\u6b66\u8001\u5e08", "target": "\u9ad8\u4e00(05)", "value": 1}, {"source": "117\u6b66\u8001\u5e08", "target": "\u9ad8\u4e00(06)", "value": 1}, {"source": "117\u6b66\u8001\u5e08", "target": "\u9ad8\u4e00(06)", "value": 1}, {"source": "119\u738b\u8001\u5e08", "target": "\u9ad8\u4e00(03)", "value": 1}, {"source": "119\u738b\u8001\u5e08", "target": "\u9ad8\u4e00(04)", "value": 1}, {"source": "124\u9648\u8001\u5e08", "target": "\u9ad8\u4e09(09)", "value": 1}, {"source": "124\u9648\u8001\u5e08", "target": "\u9ad8\u4e09(10)", "value": 1}, {"source": "128\u9ad8\u8001\u5e08", "target": "\u9ad8\u4e00(07)", "value": 1}, {"source": "129\u9648\u8001\u5e08", "target": "\u9ad8\u4e09(12) ", "value": 1}, {"source": "129\u9648\u8001\u5e08", "target": "\u9ad8\u4e09(11)", "value": 1}, {"source": "134\u5f20\u8001\u5e08", "target": "\u9ad8\u4e8c(02)", "value": 1}, {"source": "134\u5f20\u8001\u5e08", "target": "\u9ad8\u4e8c(01)", "value": 1}, {"source": "225\u90d1\u8001\u5e08", "target": "\u9ad8\u4e09(05)", "value": 1}, {"source": "225\u90d1\u8001\u5e08", "target": "\u9ad8\u4e09(06)", "value": 1}, {"source": "228\u5468\u8001\u5e08", "target": "\u9ad8\u4e00(10)", "value": 1}, {"source": "229\u4f55\u8001\u5e08", "target": "\u9ad8\u4e00(09)", "value": 1}, {"source": "272\u90d1\u8001\u5e08", "target": "\u9ad8\u4e00(05)", "value": 1}, {"source": "272\u90d1\u8001\u5e08", "target": "\u9ad8\u4e00(07)", "value": 1}, {"source": "273\u674e\u8001\u5e08", "target": "\u9ad8\u4e00(10)", "value": 1}, {"source": "274\u738b\u8001\u5e08", "target": "\u9ad8\u4e09(08)", "value": 1}, {"source": "274\u738b\u8001\u5e08", "target": "\u9ad8\u4e09(07)", "value": 1}, {"source": "333\u5f90\u8001\u5e08", "target": "\u9ad8\u4e00(03)", "value": 1}, {"source": "333\u5f90\u8001\u5e08", "target": "\u9ad8\u4e00(04)", "value": 1}]