[{"source": "70\u674e\u8001\u5e08", "target": "\u9ad8\u4e09(05)", "value": 1}, {"source": "71\u8d3e\u8001\u5e08", "target": "\u9ad8\u4e00(09)", "value": 1}, {"source": "71\u8d3e\u8001\u5e08", "target": "\u9ad8\u4e00(10)", "value": 1}, {"source": "72\u9ec4\u8001\u5e08", "target": "\u9ad8\u4e09(01)", "value": 1}, {"source": "72\u9ec4\u8001\u5e08", "target": "\u9ad8\u4e09(02)", "value": 1}, {"source": "73\u6234\u8001\u5e08", "target": "\u9ad8\u4e8c(01)", "value": 1}, {"source": "74\u725f\u8001\u5e08", "target": "\u9ad8\u4e09(12) ", "value": 1}, {"source": "75\u6768\u8001\u5e08", "target": "\u9ad8\u4e09(09)", "value": 1}, {"source": "75\u6768\u8001\u5e08", "target": "\u9ad8\u4e09(10)", "value": 1}, {"source": "76\u6731\u8001\u5e08", "target": "\u9ad8\u4e09(08)", "value": 1}, {"source": "76\u6731\u8001\u5e08", "target": "\u9ad8\u4e09(07)", "value": 1}, {"source": "78\u6f58\u8001\u5e08", "target": "\u9ad8\u4e8c(04)", "value": 1}, {"source": "78\u6f58\u8001\u5e08", "target": "\u9ad8\u4e8c(05)", "value": 1}, {"source": "79\u675c\u8001\u5e08", "target": "\u9ad8\u4e09(04)", "value": 1}, {"source": "79\u675c\u8001\u5e08", "target": "\u9ad8\u4e09(03)", "value": 1}, {"source": "80\u5f20\u8001\u5e08", "target": "\u9ad8\u4e8c(11)", "value": 1}, {"source": "83\u80e1\u8001\u5e08", "target": "\u9ad8\u4e00(05)", "value": 1}, {"source": "83\u80e1\u8001\u5e08", "target": "\u9ad8\u4e00(06)", "value": 1}, {"source": "84\u7ae5\u8001\u5e08", "target": "\u9ad8\u4e8c(08)", "value": 1}, {"source": "84\u7ae5\u8001\u5e08", "target": "\u9ad8\u4e8c(09)", "value": 1}, {"source": "85\u5415\u8001\u5e08", "target": "\u9ad8\u4e8c(06)", "value": 1}, {"source": "85\u5415\u8001\u5e08", "target": "\u9ad8\u4e8c(07)", "value": 1}, {"source": "94\u5f20\u8001\u5e08", "target": "\u9ad8\u4e8c(02)", "value": 1}, {"source": "94\u5f20\u8001\u5e08", "target": "\u9ad8\u4e8c(03)", "value": 1}, {"source": "95\u90d1\u8001\u5e08", "target": "\u9ad8\u4e00(01)", "value": 1}, {"source": "226\u5468\u8001\u5e08", "target": "\u9ad8\u4e00(08)", "value": 1}, {"source": "242\u7fc1\u8001\u5e08", "target": "\u9ad8\u4e09(06)", "value": 1}, {"source": "243\u95f5\u8001\u5e08", "target": "\u9ad8\u4e00(07)", "value": 1}, {"source": "245\u6881\u8001\u5e08", "target": "\u9ad8\u4e00(02)", "value": 1}, {"source": "246\u90ac\u8001\u5e08", "target": "\u9ad8\u4e00(03)", "value": 1}, {"source": "246\u90ac\u8001\u5e08", "target": "\u9ad8\u4e00(04)", "value": 1}, {"source": "271\u8303\u8001\u5e08", "target": "\u9ad8\u4e8c(10)", "value": 1}, {"source": "316\u9c81\u8001\u5e08", "target": "\u9ad8\u4e09(11)", "value": 1}]