{"name": "\u6548\u5b9e\u4e2d\u5b66", "children": [{"name": "\u8bed\u6587", "children": [{"name": "\u865e\n\u8001\n\u5e08", "value": 1}, {"name": "\u848b\n\u8001\n\u5e08", "value": 1}, {"name": "\u5085\n\u8001\n\u5e08", "value": 1}, {"name": "\u8c22\n\u8001\n\u5e08", "value": 1}, {"name": "\u987e\n\u8001\n\u5e08", "value": 1}, {"name": "\u9648\n\u8001\n\u5e08", "value": 1}, {"name": "\u5510\n\u8001\n\u5e08", "value": 1}, {"name": "\u6d2a\n\u8001\n\u5e08", "value": 1}, {"name": "\u5f20\n\u8001\n\u5e08", "value": 1}, {"name": "\u5f20\n\u8001\n\u5e08", "value": 1}, {"name": "\u848b\n\u8001\n\u5e08", "value": 1}, {"name": "\u5c91\n\u8001\n\u5e08", "value": 1}, {"name": "\u9ec4\n\u8001\n\u5e08", "value": 1}, {"name": "\u9648\n\u8001\n\u5e08", "value": 1}, {"name": "\u90d1\n\u8001\n\u5e08", "value": 1}, {"name": "\u5f90\n\u8001\n\u5e08", "value": 1}, {"name": "\u5b59\n\u8001\n\u5e08", "value": 1}, {"name": "\u53f6\n\u8001\n\u5e08", "value": 1}, {"name": "\u675c\n\u8001\n\u5e08", "value": 1}, {"name": "\u6731\n\u8001\n\u5e08", "value": 1}, {"name": "\u9a6c\n\u8001\n\u5e08", "value": 1}, {"name": "\u5218\n\u8001\n\u5e08", "value": 1}, {"name": "\u738b\n\u8001\n\u5e08", "value": 1}, {"name": "\u6f58\n\u8001\n\u5e08", "value": 1}, {"name": "\u5f20\n\u8001\n\u5e08", "value": 1}, {"name": "\u5468\n\u8001\n\u5e08", "value": 1}, {"name": "\u674e\n\u8001\n\u5e08", "value": 1}]}, {"name": "\u6570\u5b66", "children": [{"name": "\u80e1\n\u8001\n\u5e08", "value": 1}, {"name": "\u674e\n\u8001\n\u5e08", "value": 1}, {"name": "\u8d3e\n\u8001\n\u5e08", "value": 1}, {"name": "\u9ec4\n\u8001\n\u5e08", "value": 1}, {"name": "\u6234\n\u8001\n\u5e08", "value": 1}, {"name": "\u725f\n\u8001\n\u5e08", "value": 1}, {"name": "\u6768\n\u8001\n\u5e08", "value": 1}, {"name": "\u6731\n\u8001\n\u5e08", "value": 1}, {"name": "\u6f58\n\u8001\n\u5e08", "value": 1}, {"name": "\u675c\n\u8001\n\u5e08", "value": 1}, {"name": "\u5f20\n\u8001\n\u5e08", "value": 1}, {"name": "\u80e1\n\u8001\n\u5e08", "value": 1}, {"name": "\u7ae5\n\u8001\n\u5e08", "value": 1}, {"name": "\u5415\n\u8001\n\u5e08", "value": 1}, {"name": "\u5f20\n\u8001\n\u5e08", "value": 1}, {"name": "\u90d1\n\u8001\n\u5e08", "value": 1}, {"name": "\u5468\n\u8001\n\u5e08", "value": 1}, {"name": "\u7fc1\n\u8001\n\u5e08", "value": 1}, {"name": "\u95f5\n\u8001\n\u5e08", "value": 1}, {"name": "\u6881\n\u8001\n\u5e08", "value": 1}, {"name": "\u90ac\n\u8001\n\u5e08", "value": 1}, {"name": "\u9c8d\n\u8001\n\u5e08", "value": 1}, {"name": "\u8303\n\u8001\n\u5e08", "value": 1}, {"name": "\u9c81\n\u8001\n\u5e08", "value": 1}, {"name": "\u5415\n\u8001\n\u5e08", "value": 1}, {"name": "\u6c88\n\u8001\n\u5e08", "value": 1}, {"name": "\u5468\n\u8001\n\u5e08", "value": 1}, {"name": "\u5f20\n\u8001\n\u5e08", "value": 1}, {"name": "\u5468\n\u8001\n\u5e08", "value": 1}, {"name": "\u6731\n\u8001\n\u5e08", "value": 1}, {"name": "\u80e1\n\u8001\n\u5e08", "value": 1}]}, {"name": "\u82f1\u8bed", "children": [{"name": "\u5468\n\u8001\n\u5e08", "value": 1}, {"name": "\u7a0b\n\u8001\n\u5e08", "value": 1}, {"name": "\u9648\n\u8001\n\u5e08", "value": 1}, {"name": "\u738b\n\u8001\n\u5e08", "value": 1}, {"name": "\u8881\n\u8001\n\u5e08", "value": 1}, {"name": "\u5468\n\u8001\n\u5e08", "value": 1}, {"name": "\u66f9\n\u8001\n\u5e08", "value": 1}, {"name": "\u9648\n\u8001\n\u5e08", "value": 1}, {"name": "\u6c88\n\u8001\n\u5e08", "value": 1}, {"name": "\u6731\n\u8001\n\u5e08", "value": 1}, {"name": "\u5434\n\u8001\n\u5e08", "value": 1}, {"name": "\u738b\n\u8001\n\u5e08", "value": 1}, {"name": "\u4f55\n\u8001\n\u5e08", "value": 1}, {"name": "\u8d75\n\u8001\n\u5e08", "value": 1}, {"name": "\u738b\n\u8001\n\u5e08", "value": 1}, {"name": "\u6234\n\u8001\n\u5e08", "value": 1}, {"name": "\u5468\n\u8001\n\u5e08", "value": 1}, {"name": "\u6b66\n\u8001\n\u5e08", "value": 1}, {"name": "\u738b\n\u8001\n\u5e08", "value": 1}, {"name": "\u9648\n\u8001\n\u5e08", "value": 1}, {"name": "\u9ad8\n\u8001\n\u5e08", "value": 1}, {"name": "\u9648\n\u8001\n\u5e08", "value": 1}, {"name": "\u5f20\n\u8001\n\u5e08", "value": 1}, {"name": "\u90d1\n\u8001\n\u5e08", "value": 1}, {"name": "\u5468\n\u8001\n\u5e08", "value": 1}, {"name": "\u4f55\n\u8001\n\u5e08", "value": 1}, {"name": "\u90d1\n\u8001\n\u5e08", "value": 1}, {"name": "\u674e\n\u8001\n\u5e08", "value": 1}, {"name": "\u738b\n\u8001\n\u5e08", "value": 1}, {"name": "\u6bd5\n\u8001\n\u5e08", "value": 1}, {"name": "\u5f90\n\u8001\n\u5e08", "value": 1}, {"name": "\u738b\n\u8001\n\u5e08", "value": 1}, {"name": "\u738b\n\u8001\n\u5e08", "value": 1}, {"name": "\u725f\n\u8001\n\u5e08", "value": 1}, {"name": "\u718a\n\u8001\n\u5e08", "value": 1}, {"name": "\u590f\n\u8001\n\u5e08", "value": 1}, {"name": "\u674e\n\u8001\n\u5e08", "value": 1}]}, {"name": "\u7269\u7406", "children": [{"name": "\u738b\n\u8001\n\u5e08", "value": 1}, {"name": "\u590f\n\u8001\n\u5e08", "value": 1}, {"name": "\u90ac\n\u8001\n\u5e08", "value": 1}, {"name": "\u8d3a\n\u8001\n\u5e08", "value": 1}, {"name": "\u4f55\n\u8001\n\u5e08", "value": 1}, {"name": "\u8881\n\u8001\n\u5e08", "value": 1}, {"name": "\u4f55\n\u8001\n\u5e08", "value": 1}, {"name": "\u6768\n\u8001\n\u5e08", "value": 1}, {"name": "\u9648\n\u8001\n\u5e08", "value": 1}, {"name": "\u9648\n\u8001\n\u5e08", "value": 1}, {"name": "\u53f6\n\u8001\n\u5e08", "value": 1}, {"name": "\u6768\n\u8001\n\u5e08", "value": 1}, {"name": "\u5e84\n\u8001\n\u5e08", "value": 1}, {"name": "\u5f20\n\u8001\n\u5e08", "value": 1}, {"name": "\u5f20\n\u8001\n\u5e08", "value": 1}, {"name": "\u5b59\n\u8001\n\u5e08", "value": 1}, {"name": "\u94b1\n\u8001\n\u5e08", "value": 1}, {"name": "\u9c8d\n\u8001\n\u5e08", "value": 1}, {"name": "\u9648\n\u8001\n\u5e08", "value": 1}, {"name": "\u4f59\n\u8001\n\u5e08", "value": 1}]}, {"name": "\u5316\u5b66", "children": [{"name": "\u9093\n\u8001\n\u5e08", "value": 1}, {"name": "\u5415\n\u8001\n\u5e08", "value": 1}, {"name": "\u738b\n\u8001\n\u5e08", "value": 1}, {"name": "\u962e\n\u8001\n\u5e08", "value": 1}, {"name": "\u6c6a\n\u8001\n\u5e08", "value": 1}, {"name": "\u6797\n\u8001\n\u5e08", "value": 1}, {"name": "\u9ec4\n\u8001\n\u5e08", "value": 1}, {"name": "\u90d1\n\u8001\n\u5e08", "value": 1}, {"name": "\u5f20\n\u8001\n\u5e08", "value": 1}, {"name": "\u4fde\n\u8001\n\u5e08", "value": 1}, {"name": "\u9648\n\u8001\n\u5e08", "value": 1}, {"name": "\u90ed\n\u8001\n\u5e08", "value": 1}, {"name": "\u5468\n\u8001\n\u5e08", "value": 1}, {"name": "\u738b\n\u8001\n\u5e08", "value": 1}, {"name": "\u6731\n\u8001\n\u5e08", "value": 1}, {"name": "\u5f20\n\u8001\n\u5e08", "value": 1}, {"name": "\u76db\n\u8001\n\u5e08", "value": 1}, {"name": "\u8d3e\n\u8001\n\u5e08", "value": 1}, {"name": "\u5f90\n\u8001\n\u5e08", "value": 1}, {"name": "\u7ae0\n\u8001\n\u5e08", "value": 1}]}, {"name": "\u653f\u6cbb", "children": [{"name": "\u9ad8\n\u8001\n\u5e08", "value": 1}, {"name": "\u5f90\n\u8001\n\u5e08", "value": 1}, {"name": "\u738b\n\u8001\n\u5e08", "value": 1}, {"name": "\u5e84\n\u8001\n\u5e08", "value": 1}, {"name": "\u738b\n\u8001\n\u5e08", "value": 1}, {"name": "\u674e\n\u8001\n\u5e08", "value": 1}, {"name": "\u9648\n\u8001\n\u5e08", "value": 1}, {"name": "\u51af\n\u8001\n\u5e08", "value": 1}, {"name": "\u674e\n\u8001\n\u5e08", "value": 1}, {"name": "\u738b\n\u8001\n\u5e08", "value": 1}]}, {"name": "\u5386\u53f2", "children": [{"name": "\u738b\n\u8001\n\u5e08", "value": 1}, {"name": "\u9648\n\u8001\n\u5e08", "value": 1}, {"name": "\u5218\n\u8001\n\u5e08", "value": 1}, {"name": "\u5468\n\u8001\n\u5e08", "value": 1}, {"name": "\u6f58\n\u8001\n\u5e08", "value": 1}, {"name": "\u8c22\n\u8001\n\u5e08", "value": 1}, {"name": "\u5f20\n\u8001\n\u5e08", "value": 1}, {"name": "\u5f20\n\u8001\n\u5e08", "value": 1}, {"name": "\u9ece\n\u8001\n\u5e08", "value": 1}]}, {"name": "\u751f\u7269", "children": [{"name": "\u8303\n\u8001\n\u5e08", "value": 1}, {"name": "\u9648\n\u8001\n\u5e08", "value": 1}, {"name": "\u738b\n\u8001\n\u5e08", "value": 1}, {"name": "\u6768\n\u8001\n\u5e08", "value": 1}, {"name": "\u90b5\n\u8001\n\u5e08", "value": 1}, {"name": "\u53f2\n\u8001\n\u5e08", "value": 1}, {"name": "\u4efb\n\u8001\n\u5e08", "value": 1}, {"name": "\u9648\n\u8001\n\u5e08", "value": 1}, {"name": "\u82cf\n\u8001\n\u5e08", "value": 1}, {"name": "\u5434\n\u8001\n\u5e08", "value": 1}, {"name": "\u5468\n\u8001\n\u5e08", "value": 1}, {"name": "\u9648\n\u8001\n\u5e08", "value": 1}]}, {"name": "\u5730\u7406", "children": [{"name": "\u738b\n\u8001\n\u5e08", "value": 1}, {"name": "\u5218\n\u8001\n\u5e08", "value": 1}, {"name": "\u590f\n\u8001\n\u5e08", "value": 1}, {"name": "\u5434\n\u8001\n\u5e08", "value": 1}, {"name": "\u4e25\n\u8001\n\u5e08", "value": 1}, {"name": "\u738b\n\u8001\n\u5e08", "value": 1}, {"name": "\u674e\n\u8001\n\u5e08", "value": 1}, {"name": "\u9648\n\u8001\n\u5e08", "value": 1}, {"name": "\u8521\n\u8001\n\u5e08", "value": 1}, {"name": "\u5f20\n\u8001\n\u5e08", "value": 1}, {"name": "\u4e50\n\u8001\n\u5e08", "value": 1}]}, {"name": "\u6280\u672f", "children": [{"name": "\u5e84\n\u8001\n\u5e08", "value": 1}, {"name": "\u9648\n\u8001\n\u5e08", "value": 1}, {"name": "\u6731\n\u8001\n\u5e08", "value": 1}, {"name": "\u738b\n\u8001\n\u5e08", "value": 1}, {"name": "\u4fde\n\u8001\n\u5e08", "value": 1}]}, {"name": "\u7f8e\u672f", "children": [{"name": "\u7a0b\n\u8001\n\u5e08", "value": 1}, {"name": "\u6768\n\u8001\n\u5e08", "value": 1}, {"name": "\u5b8b\n\u8001\n\u5e08", "value": 1}]}, {"name": "\u4f53\u80b2", "children": [{"name": "\u6548\n\u8001\n\u5e08", "value": 1}]}, {"name": "\u97f3\u4e50", "children": [{"name": "\u6c88\n\u8001\n\u5e08", "value": 1}, {"name": "\u8fc7\n\u8001\n\u5e08", "value": 1}]}]}