[{"name": "2\u738b\u8001\u5e08"}, {"name": "12\u5468\u8001\u5e08"}, {"name": "14\u5e84\u8001\u5e08"}, {"name": "17\u590f\u8001\u5e08"}, {"name": "26\u7a0b\u8001\u5e08"}, {"name": "45\u865e\u8001\u5e08"}, {"name": "49\u5085\u8001\u5e08"}, {"name": "50\u8c22\u8001\u5e08"}, {"name": "51\u987e\u8001\u5e08"}, {"name": "52\u9648\u8001\u5e08"}, {"name": "53\u5510\u8001\u5e08"}, {"name": "54\u6d2a\u8001\u5e08"}, {"name": "56\u5f20\u8001\u5e08"}, {"name": "57\u5f20\u8001\u5e08"}, {"name": "58\u848b\u8001\u5e08"}, {"name": "62\u5c91\u8001\u5e08"}, {"name": "64\u9ec4\u8001\u5e08"}, {"name": "65\u9648\u8001\u5e08"}, {"name": "66\u90d1\u8001\u5e08"}, {"name": "70\u674e\u8001\u5e08"}, {"name": "71\u8d3e\u8001\u5e08"}, {"name": "72\u9ec4\u8001\u5e08"}, {"name": "73\u6234\u8001\u5e08"}, {"name": "74\u725f\u8001\u5e08"}, {"name": "75\u6768\u8001\u5e08"}, {"name": "76\u6731\u8001\u5e08"}, {"name": "78\u6f58\u8001\u5e08"}, {"name": "79\u675c\u8001\u5e08"}, {"name": "80\u5f20\u8001\u5e08"}, {"name": "83\u80e1\u8001\u5e08"}, {"name": "84\u7ae5\u8001\u5e08"}, {"name": "85\u5415\u8001\u5e08"}, {"name": "94\u5f20\u8001\u5e08"}, {"name": "95\u90d1\u8001\u5e08"}, {"name": "97\u9648\u8001\u5e08"}, {"name": "98\u738b\u8001\u5e08"}, {"name": "100\u8881\u8001\u5e08"}, {"name": "103\u9648\u8001\u5e08"}, {"name": "105\u6c88\u8001\u5e08"}, {"name": "106\u6731\u8001\u5e08"}, {"name": "107\u5434\u8001\u5e08"}, {"name": "108\u738b\u8001\u5e08"}, {"name": "109\u4f55\u8001\u5e08"}, {"name": "112\u738b\u8001\u5e08"}, {"name": "116\u5468\u8001\u5e08"}, {"name": "117\u6b66\u8001\u5e08"}, {"name": "119\u738b\u8001\u5e08"}, {"name": "124\u9648\u8001\u5e08"}, {"name": "128\u9ad8\u8001\u5e08"}, {"name": "129\u9648\u8001\u5e08"}, {"name": "134\u5f20\u8001\u5e08"}, {"name": "141\u90ac\u8001\u5e08"}, {"name": "144\u8d3a\u8001\u5e08"}, {"name": "145\u4f55\u8001\u5e08"}, {"name": "146\u8881\u8001\u5e08"}, {"name": "148\u4f55\u8001\u5e08"}, {"name": "150\u9648\u8001\u5e08"}, {"name": "151\u9648\u8001\u5e08"}, {"name": "152\u9648\u8001\u5e08"}, {"name": "154\u6731\u8001\u5e08"}, {"name": "157\u738b\u8001\u5e08"}, {"name": "158\u4fde\u8001\u5e08"}, {"name": "159\u5415\u8001\u5e08"}, {"name": "161\u738b\u8001\u5e08"}, {"name": "163\u6c6a\u8001\u5e08"}, {"name": "164\u6797\u8001\u5e08"}, {"name": "166\u9ec4\u8001\u5e08"}, {"name": "167\u90d1\u8001\u5e08"}, {"name": "168\u5f20\u8001\u5e08"}, {"name": "170\u4fde\u8001\u5e08"}, {"name": "171\u9648\u8001\u5e08"}, {"name": "172\u90ed\u8001\u5e08"}, {"name": "174\u8303\u8001\u5e08"}, {"name": "178\u9ad8\u8001\u5e08"}, {"name": "180\u5f90\u8001\u5e08"}, {"name": "181\u738b\u8001\u5e08"}, {"name": "182\u5e84\u8001\u5e08"}, {"name": "183\u738b\u8001\u5e08"}, {"name": "184\u9648\u8001\u5e08"}, {"name": "185\u5218\u8001\u5e08"}, {"name": "187\u6f58\u8001\u5e08"}, {"name": "188\u8c22\u8001\u5e08"}, {"name": "189\u5f20\u8001\u5e08"}, {"name": "192\u738b\u8001\u5e08"}, {"name": "193\u738b\u8001\u5e08"}, {"name": "194\u5218\u8001\u5e08"}, {"name": "196\u590f\u8001\u5e08"}, {"name": "197\u5434\u8001\u5e08"}, {"name": "213\u7a0b\u8001\u5e08"}, {"name": "215\u6c88\u8001\u5e08"}, {"name": "219\u9648\u8001\u5e08"}, {"name": "220\u674e\u8001\u5e08"}, {"name": "223\u9648\u8001\u5e08"}, {"name": "224\u5f90\u8001\u5e08"}, {"name": "225\u90d1\u8001\u5e08"}, {"name": "226\u5468\u8001\u5e08"}, {"name": "228\u5468\u8001\u5e08"}, {"name": "229\u4f55\u8001\u5e08"}, {"name": "233\u738b\u8001\u5e08"}, {"name": "234\u6768\u8001\u5e08"}, {"name": "242\u7fc1\u8001\u5e08"}, {"name": "243\u95f5\u8001\u5e08"}, {"name": "245\u6881\u8001\u5e08"}, {"name": "246\u90ac\u8001\u5e08"}, {"name": "248\u53f6\u8001\u5e08"}, {"name": "249\u6768\u8001\u5e08"}, {"name": "252\u90b5\u8001\u5e08"}, {"name": "253\u53f2\u8001\u5e08"}, {"name": "256\u51af\u8001\u5e08"}, {"name": "257\u5e84\u8001\u5e08"}, {"name": "259\u5468\u8001\u5e08"}, {"name": "262\u6548\u8001\u5e08"}, {"name": "264\u5f20\u8001\u5e08"}, {"name": "265\u5f20\u8001\u5e08"}, {"name": "266\u53f6\u8001\u5e08"}, {"name": "268\u6731\u8001\u5e08"}, {"name": "269\u9a6c\u8001\u5e08"}, {"name": "271\u8303\u8001\u5e08"}, {"name": "272\u90d1\u8001\u5e08"}, {"name": "273\u674e\u8001\u5e08"}, {"name": "274\u738b\u8001\u5e08"}, {"name": "275\u738b\u8001\u5e08"}, {"name": "276\u4efb\u8001\u5e08"}, {"name": "281\u738b\u8001\u5e08"}, {"name": "307\u6731\u8001\u5e08"}, {"name": "312\u8fc7\u8001\u5e08"}, {"name": "314\u9648\u8001\u5e08"}, {"name": "316\u9c81\u8001\u5e08"}, {"name": "326\u5f20\u8001\u5e08"}, {"name": "328\u5b59\u8001\u5e08"}, {"name": "329\u6768\u8001\u5e08"}, {"name": "333\u5f90\u8001\u5e08"}, {"name": "334\u5218\u8001\u5e08"}, {"name": "337\u5f20\u8001\u5e08"}, {"name": "338\u674e\u8001\u5e08"}, {"name": "339\u82cf\u8001\u5e08"}, {"name": "340\u5434\u8001\u5e08"}, {"name": "\u9ad8\u4e00(01)"}, {"name": "\u9ad8\u4e00(02)"}, {"name": "\u9ad8\u4e00(03)"}, {"name": "\u9ad8\u4e00(04)"}, {"name": "\u9ad8\u4e00(05)"}, {"name": "\u9ad8\u4e00(06)"}, {"name": "\u9ad8\u4e00(07)"}, {"name": "\u9ad8\u4e00(08)"}, {"name": "\u9ad8\u4e00(09)"}, {"name": "\u9ad8\u4e00(10)"}, {"name": "\u9ad8\u4e09(01)"}, {"name": "\u9ad8\u4e09(02)"}, {"name": "\u9ad8\u4e09(03)"}, {"name": "\u9ad8\u4e09(04)"}, {"name": "\u9ad8\u4e09(05)"}, {"name": "\u9ad8\u4e09(06)"}, {"name": "\u9ad8\u4e09(07)"}, {"name": "\u9ad8\u4e09(08)"}, {"name": "\u9ad8\u4e09(09)"}, {"name": "\u9ad8\u4e09(10)"}, {"name": "\u9ad8\u4e09(11)"}, {"name": "\u9ad8\u4e09(12) "}, {"name": "\u9ad8\u4e8c(01)"}, {"name": "\u9ad8\u4e8c(02)"}, {"name": "\u9ad8\u4e8c(03)"}, {"name": "\u9ad8\u4e8c(04)"}, {"name": "\u9ad8\u4e8c(05)"}, {"name": "\u9ad8\u4e8c(06)"}, {"name": "\u9ad8\u4e8c(07)"}, {"name": "\u9ad8\u4e8c(08)"}, {"name": "\u9ad8\u4e8c(09)"}, {"name": "\u9ad8\u4e8c(10)"}, {"name": "\u9ad8\u4e8c(11)"}]