[{"source": "2\u738b\u8001\u5e08", "target": "\u9ad8\u4e00(10)", "value": 1}, {"source": "12\u5468\u8001\u5e08", "target": "\u9ad8\u4e8c(10)", "value": 1}, {"source": "12\u5468\u8001\u5e08", "target": "\u9ad8\u4e8c(11)", "value": 1}, {"source": "14\u5e84\u8001\u5e08", "target": "\u9ad8\u4e8c(10)", "value": 1}, {"source": "14\u5e84\u8001\u5e08", "target": "\u9ad8\u4e8c(11)", "value": 1}, {"source": "17\u590f\u8001\u5e08", "target": "\u9ad8\u4e09(06)", "value": 1}, {"source": "26\u7a0b\u8001\u5e08", "target": "\u9ad8\u4e8c(04)", "value": 1}, {"source": "26\u7a0b\u8001\u5e08", "target": "\u9ad8\u4e8c(05)", "value": 1}, {"source": "45\u865e\u8001\u5e08", "target": "\u9ad8\u4e09(01)", "value": 1}, {"source": "45\u865e\u8001\u5e08", "target": "\u9ad8\u4e09(02)", "value": 1}, {"source": "49\u5085\u8001\u5e08", "target": "\u9ad8\u4e00(07)", "value": 1}, {"source": "49\u5085\u8001\u5e08", "target": "\u9ad8\u4e00(08)", "value": 1}, {"source": "50\u8c22\u8001\u5e08", "target": "\u9ad8\u4e09(05)", "value": 1}, {"source": "51\u987e\u8001\u5e08", "target": "\u9ad8\u4e8c(01)", "value": 1}, {"source": "52\u9648\u8001\u5e08", "target": "\u9ad8\u4e8c(06)", "value": 1}, {"source": "52\u9648\u8001\u5e08", "target": "\u9ad8\u4e8c(07)", "value": 1}, {"source": "53\u5510\u8001\u5e08", "target": "\u9ad8\u4e8c(08)", "value": 1}, {"source": "53\u5510\u8001\u5e08", "target": "\u9ad8\u4e8c(09)", "value": 1}, {"source": "54\u6d2a\u8001\u5e08", "target": "\u9ad8\u4e09(08)", "value": 1}, {"source": "54\u6d2a\u8001\u5e08", "target": "\u9ad8\u4e09(07)", "value": 1}, {"source": "56\u5f20\u8001\u5e08", "target": "\u9ad8\u4e09(04)", "value": 1}, {"source": "56\u5f20\u8001\u5e08", "target": "\u9ad8\u4e09(04)", "value": 1}, {"source": "56\u5f20\u8001\u5e08", "target": "\u9ad8\u4e09(03)", "value": 1}, {"source": "57\u5f20\u8001\u5e08", "target": "\u9ad8\u4e00(03)", "value": 1}, {"source": "58\u848b\u8001\u5e08", "target": "\u9ad8\u4e00(09)", "value": 1}, {"source": "58\u848b\u8001\u5e08", "target": "\u9ad8\u4e00(10)", "value": 1}, {"source": "62\u5c91\u8001\u5e08", "target": "\u9ad8\u4e09(11)", "value": 1}, {"source": "64\u9ec4\u8001\u5e08", "target": "\u9ad8\u4e00(01)", "value": 1}, {"source": "64\u9ec4\u8001\u5e08", "target": "\u9ad8\u4e00(02)", "value": 1}, {"source": "65\u9648\u8001\u5e08", "target": "\u9ad8\u4e09(12) ", "value": 1}, {"source": "65\u9648\u8001\u5e08", "target": "\u9ad8\u4e09(10)", "value": 1}, {"source": "66\u90d1\u8001\u5e08", "target": "\u9ad8\u4e8c(04)", "value": 1}, {"source": "66\u90d1\u8001\u5e08", "target": "\u9ad8\u4e8c(05)", "value": 1}, {"source": "70\u674e\u8001\u5e08", "target": "\u9ad8\u4e09(05)", "value": 1}, {"source": "71\u8d3e\u8001\u5e08", "target": "\u9ad8\u4e00(09)", "value": 1}, {"source": "71\u8d3e\u8001\u5e08", "target": "\u9ad8\u4e00(10)", "value": 1}, {"source": "72\u9ec4\u8001\u5e08", "target": "\u9ad8\u4e09(01)", "value": 1}, {"source": "72\u9ec4\u8001\u5e08", "target": "\u9ad8\u4e09(01)", "value": 1}, {"source": "72\u9ec4\u8001\u5e08", "target": "\u9ad8\u4e09(02)", "value": 1}, {"source": "73\u6234\u8001\u5e08", "target": "\u9ad8\u4e8c(01)", "value": 1}, {"source": "74\u725f\u8001\u5e08", "target": "\u9ad8\u4e09(12) ", "value": 1}, {"source": "75\u6768\u8001\u5e08", "target": "\u9ad8\u4e09(09)", "value": 1}, {"source": "75\u6768\u8001\u5e08", "target": "\u9ad8\u4e09(10)", "value": 1}, {"source": "76\u6731\u8001\u5e08", "target": "\u9ad8\u4e09(08)", "value": 1}, {"source": "76\u6731\u8001\u5e08", "target": "\u9ad8\u4e09(08)", "value": 1}, {"source": "76\u6731\u8001\u5e08", "target": "\u9ad8\u4e09(07)", "value": 1}, {"source": "78\u6f58\u8001\u5e08", "target": "\u9ad8\u4e8c(04)", "value": 1}, {"source": "78\u6f58\u8001\u5e08", "target": "\u9ad8\u4e8c(05)", "value": 1}, {"source": "79\u675c\u8001\u5e08", "target": "\u9ad8\u4e09(04)", "value": 1}, {"source": "79\u675c\u8001\u5e08", "target": "\u9ad8\u4e09(03)", "value": 1}, {"source": "80\u5f20\u8001\u5e08", "target": "\u9ad8\u4e8c(11)", "value": 1}, {"source": "83\u80e1\u8001\u5e08", "target": "\u9ad8\u4e00(05)", "value": 1}, {"source": "83\u80e1\u8001\u5e08", "target": "\u9ad8\u4e00(06)", "value": 1}, {"source": "84\u7ae5\u8001\u5e08", "target": "\u9ad8\u4e8c(08)", "value": 1}, {"source": "84\u7ae5\u8001\u5e08", "target": "\u9ad8\u4e8c(09)", "value": 1}, {"source": "85\u5415\u8001\u5e08", "target": "\u9ad8\u4e8c(06)", "value": 1}, {"source": "85\u5415\u8001\u5e08", "target": "\u9ad8\u4e8c(07)", "value": 1}, {"source": "94\u5f20\u8001\u5e08", "target": "\u9ad8\u4e8c(02)", "value": 1}, {"source": "94\u5f20\u8001\u5e08", "target": "\u9ad8\u4e8c(03)", "value": 1}, {"source": "95\u90d1\u8001\u5e08", "target": "\u9ad8\u4e00(01)", "value": 1}, {"source": "97\u9648\u8001\u5e08", "target": "\u9ad8\u4e00(09)", "value": 1}, {"source": "98\u738b\u8001\u5e08", "target": "\u9ad8\u4e00(08)", "value": 1}, {"source": "98\u738b\u8001\u5e08", "target": "\u9ad8\u4e00(08)", "value": 1}, {"source": "100\u8881\u8001\u5e08", "target": "\u9ad8\u4e09(01)", "value": 1}, {"source": "103\u9648\u8001\u5e08", "target": "\u9ad8\u4e8c(03)", "value": 1}, {"source": "103\u9648\u8001\u5e08", "target": "\u9ad8\u4e8c(01)", "value": 1}, {"source": "105\u6c88\u8001\u5e08", "target": "\u9ad8\u4e09(04)", "value": 1}, {"source": "105\u6c88\u8001\u5e08", "target": "\u9ad8\u4e09(03)", "value": 1}, {"source": "106\u6731\u8001\u5e08", "target": "\u9ad8\u4e00(01)", "value": 1}, {"source": "106\u6731\u8001\u5e08", "target": "\u9ad8\u4e00(02)", "value": 1}, {"source": "107\u5434\u8001\u5e08", "target": "\u9ad8\u4e8c(06)", "value": 1}, {"source": "107\u5434\u8001\u5e08", "target": "\u9ad8\u4e8c(07)", "value": 1}, {"source": "108\u738b\u8001\u5e08", "target": "\u9ad8\u4e8c(02)", "value": 1}, {"source": "108\u738b\u8001\u5e08", "target": "\u9ad8\u4e8c(03)", "value": 1}, {"source": "109\u4f55\u8001\u5e08", "target": "\u9ad8\u4e09(12) ", "value": 1}, {"source": "109\u4f55\u8001\u5e08", "target": "\u9ad8\u4e09(02)", "value": 1}, {"source": "109\u4f55\u8001\u5e08", "target": "\u9ad8\u4e09(11)", "value": 1}, {"source": "112\u738b\u8001\u5e08", "target": "\u9ad8\u4e8c(08)", "value": 1}, {"source": "112\u738b\u8001\u5e08", "target": "\u9ad8\u4e8c(09)", "value": 1}, {"source": "116\u5468\u8001\u5e08", "target": "\u9ad8\u4e00(01)", "value": 1}, {"source": "116\u5468\u8001\u5e08", "target": "\u9ad8\u4e00(02)", "value": 1}, {"source": "117\u6b66\u8001\u5e08", "target": "\u9ad8\u4e00(05)", "value": 1}, {"source": "117\u6b66\u8001\u5e08", "target": "\u9ad8\u4e00(06)", "value": 1}, {"source": "117\u6b66\u8001\u5e08", "target": "\u9ad8\u4e00(06)", "value": 1}, {"source": "119\u738b\u8001\u5e08", "target": "\u9ad8\u4e00(03)", "value": 1}, {"source": "119\u738b\u8001\u5e08", "target": "\u9ad8\u4e00(04)", "value": 1}, {"source": "124\u9648\u8001\u5e08", "target": "\u9ad8\u4e09(09)", "value": 1}, {"source": "124\u9648\u8001\u5e08", "target": "\u9ad8\u4e09(10)", "value": 1}, {"source": "124\u9648\u8001\u5e08", "target": "\u9ad8\u4e09(10)", "value": 1}, {"source": "128\u9ad8\u8001\u5e08", "target": "\u9ad8\u4e00(07)", "value": 1}, {"source": "129\u9648\u8001\u5e08", "target": "\u9ad8\u4e09(12) ", "value": 1}, {"source": "129\u9648\u8001\u5e08", "target": "\u9ad8\u4e09(12) ", "value": 1}, {"source": "129\u9648\u8001\u5e08", "target": "\u9ad8\u4e09(11)", "value": 1}, {"source": "134\u5f20\u8001\u5e08", "target": "\u9ad8\u4e8c(02)", "value": 1}, {"source": "134\u5f20\u8001\u5e08", "target": "\u9ad8\u4e8c(01)", "value": 1}, {"source": "141\u90ac\u8001\u5e08", "target": "\u9ad8\u4e8c(04)", "value": 1}, {"source": "141\u90ac\u8001\u5e08", "target": "\u9ad8\u4e8c(05)", "value": 1}, {"source": "141\u90ac\u8001\u5e08", "target": "\u9ad8\u4e8c(06)", "value": 1}, {"source": "144\u8d3a\u8001\u5e08", "target": "\u9ad8\u4e8c(07)", "value": 1}, {"source": "144\u8d3a\u8001\u5e08", "target": "\u9ad8\u4e8c(08)", "value": 1}, {"source": "144\u8d3a\u8001\u5e08", "target": "\u9ad8\u4e8c(09)", "value": 1}, {"source": "145\u4f55\u8001\u5e08", "target": "\u9ad8\u4e09(04)", "value": 1}, {"source": "145\u4f55\u8001\u5e08", "target": "\u9ad8\u4e09(03)", "value": 1}, {"source": "145\u4f55\u8001\u5e08", "target": "\u9ad8\u4e09(03)", "value": 1}, {"source": "146\u8881\u8001\u5e08", "target": "\u9ad8\u4e00(01)", "value": 1}, {"source": "146\u8881\u8001\u5e08", "target": "\u9ad8\u4e00(02)", "value": 1}, {"source": "148\u4f55\u8001\u5e08", "target": "\u9ad8\u4e00(03)", "value": 1}, {"source": "148\u4f55\u8001\u5e08", "target": "\u9ad8\u4e00(04)", "value": 1}, {"source": "148\u4f55\u8001\u5e08", "target": "\u9ad8\u4e00(07)", "value": 1}, {"source": "150\u9648\u8001\u5e08", "target": "\u9ad8\u4e09(08)", "value": 1}, {"source": "150\u9648\u8001\u5e08", "target": "\u9ad8\u4e09(09)", "value": 1}, {"source": "151\u9648\u8001\u5e08", "target": "\u9ad8\u4e8c(02)", "value": 1}, {"source": "151\u9648\u8001\u5e08", "target": "\u9ad8\u4e8c(03)", "value": 1}, {"source": "152\u9648\u8001\u5e08", "target": "\u9ad8\u4e8c(03)", "value": 1}, {"source": "152\u9648\u8001\u5e08", "target": "\u9ad8\u4e8c(04)", "value": 1}, {"source": "152\u9648\u8001\u5e08", "target": "\u9ad8\u4e8c(05)", "value": 1}, {"source": "154\u6731\u8001\u5e08", "target": "\u9ad8\u4e8c(02)", "value": 1}, {"source": "154\u6731\u8001\u5e08", "target": "\u9ad8\u4e8c(01)", "value": 1}, {"source": "154\u6731\u8001\u5e08", "target": "\u9ad8\u4e00(01)", "value": 1}, {"source": "154\u6731\u8001\u5e08", "target": "\u9ad8\u4e00(02)", "value": 1}, {"source": "157\u738b\u8001\u5e08", "target": "\u9ad8\u4e8c(08)", "value": 1}, {"source": "157\u738b\u8001\u5e08", "target": "\u9ad8\u4e8c(09)", "value": 1}, {"source": "158\u4fde\u8001\u5e08", "target": "\u9ad8\u4e8c(06)", "value": 1}, {"source": "158\u4fde\u8001\u5e08", "target": "\u9ad8\u4e8c(07)", "value": 1}, {"source": "159\u5415\u8001\u5e08", "target": "\u9ad8\u4e00(06)", "value": 1}, {"source": "159\u5415\u8001\u5e08", "target": "\u9ad8\u4e00(07)", "value": 1}, {"source": "161\u738b\u8001\u5e08", "target": "\u9ad8\u4e8c(03)", "value": 1}, {"source": "163\u6c6a\u8001\u5e08", "target": "\u9ad8\u4e09(03)", "value": 1}, {"source": "164\u6797\u8001\u5e08", "target": "\u9ad8\u4e8c(04)", "value": 1}, {"source": "164\u6797\u8001\u5e08", "target": "\u9ad8\u4e8c(05)", "value": 1}, {"source": "164\u6797\u8001\u5e08", "target": "\u9ad8\u4e8c(06)", "value": 1}, {"source": "166\u9ec4\u8001\u5e08", "target": "\u9ad8\u4e09(04)", "value": 1}, {"source": "167\u90d1\u8001\u5e08", "target": "\u9ad8\u4e00(03)", "value": 1}, {"source": "167\u90d1\u8001\u5e08", "target": "\u9ad8\u4e00(04)", "value": 1}, {"source": "167\u90d1\u8001\u5e08", "target": "\u9ad8\u4e00(05)", "value": 1}, {"source": "168\u5f20\u8001\u5e08", "target": "\u9ad8\u4e09(01)", "value": 1}, {"source": "168\u5f20\u8001\u5e08", "target": "\u9ad8\u4e09(02)", "value": 1}, {"source": "168\u5f20\u8001\u5e08", "target": "\u9ad8\u4e09(02)", "value": 1}, {"source": "170\u4fde\u8001\u5e08", "target": "\u9ad8\u4e09(09)", "value": 1}, {"source": "170\u4fde\u8001\u5e08", "target": "\u9ad8\u4e09(09)", "value": 1}, {"source": "170\u4fde\u8001\u5e08", "target": "\u9ad8\u4e09(10)", "value": 1}, {"source": "171\u9648\u8001\u5e08", "target": "\u9ad8\u4e00(02)", "value": 1}, {"source": "172\u90ed\u8001\u5e08", "target": "\u9ad8\u4e00(01)", "value": 1}, {"source": "174\u8303\u8001\u5e08", "target": "\u9ad8\u4e00(01)", "value": 1}, {"source": "174\u8303\u8001\u5e08", "target": "\u9ad8\u4e00(02)", "value": 1}, {"source": "174\u8303\u8001\u5e08", "target": "\u9ad8\u4e00(03)", "value": 1}, {"source": "174\u8303\u8001\u5e08", "target": "\u9ad8\u4e00(04)", "value": 1}, {"source": "178\u9ad8\u8001\u5e08", "target": "\u9ad8\u4e8c(04)", "value": 1}, {"source": "178\u9ad8\u8001\u5e08", "target": "\u9ad8\u4e8c(05)", "value": 1}, {"source": "178\u9ad8\u8001\u5e08", "target": "\u9ad8\u4e8c(06)", "value": 1}, {"source": "180\u5f90\u8001\u5e08", "target": "\u9ad8\u4e09(11)", "value": 1}, {"source": "181\u738b\u8001\u5e08", "target": "\u9ad8\u4e8c(02)", "value": 1}, {"source": "181\u738b\u8001\u5e08", "target": "\u9ad8\u4e8c(03)", "value": 1}, {"source": "181\u738b\u8001\u5e08", "target": "\u9ad8\u4e8c(10)", "value": 1}, {"source": "181\u738b\u8001\u5e08", "target": "\u9ad8\u4e8c(01)", "value": 1}, {"source": "182\u5e84\u8001\u5e08", "target": "\u9ad8\u4e09(12) ", "value": 1}, {"source": "183\u738b\u8001\u5e08", "target": "\u9ad8\u4e09(11)", "value": 1}, {"source": "184\u9648\u8001\u5e08", "target": "\u9ad8\u4e09(12) ", "value": 1}, {"source": "185\u5218\u8001\u5e08", "target": "\u9ad8\u4e8c(10)", "value": 1}, {"source": "185\u5218\u8001\u5e08", "target": "\u9ad8\u4e8c(11)", "value": 1}, {"source": "187\u6f58\u8001\u5e08", "target": "\u9ad8\u4e00(03)", "value": 1}, {"source": "187\u6f58\u8001\u5e08", "target": "\u9ad8\u4e00(04)", "value": 1}, {"source": "187\u6f58\u8001\u5e08", "target": "\u9ad8\u4e00(05)", "value": 1}, {"source": "188\u8c22\u8001\u5e08", "target": "\u9ad8\u4e00(01)", "value": 1}, {"source": "188\u8c22\u8001\u5e08", "target": "\u9ad8\u4e00(02)", "value": 1}, {"source": "188\u8c22\u8001\u5e08", "target": "\u9ad8\u4e00(06)", "value": 1}, {"source": "189\u5f20\u8001\u5e08", "target": "\u9ad8\u4e00(09)", "value": 1}, {"source": "189\u5f20\u8001\u5e08", "target": "\u9ad8\u4e00(10)", "value": 1}, {"source": "192\u738b\u8001\u5e08", "target": "\u9ad8\u4e00(04)", "value": 1}, {"source": "192\u738b\u8001\u5e08", "target": "\u9ad8\u4e00(05)", "value": 1}, {"source": "192\u738b\u8001\u5e08", "target": "\u9ad8\u4e00(06)", "value": 1}, {"source": "192\u738b\u8001\u5e08", "target": "\u9ad8\u4e00(07)", "value": 1}, {"source": "193\u738b\u8001\u5e08", "target": "\u9ad8\u4e09(11)", "value": 1}, {"source": "194\u5218\u8001\u5e08", "target": "\u9ad8\u4e8c(10)", "value": 1}, {"source": "194\u5218\u8001\u5e08", "target": "\u9ad8\u4e8c(11)", "value": 1}, {"source": "196\u590f\u8001\u5e08", "target": "\u9ad8\u4e00(01)", "value": 1}, {"source": "196\u590f\u8001\u5e08", "target": "\u9ad8\u4e00(02)", "value": 1}, {"source": "197\u5434\u8001\u5e08", "target": "\u9ad8\u4e00(08)", "value": 1}, {"source": "197\u5434\u8001\u5e08", "target": "\u9ad8\u4e00(09)", "value": 1}, {"source": "197\u5434\u8001\u5e08", "target": "\u9ad8\u4e00(10)", "value": 1}, {"source": "213\u7a0b\u8001\u5e08", "target": "\u9ad8\u4e09(12) ", "value": 1}, {"source": "213\u7a0b\u8001\u5e08", "target": "\u9ad8\u4e09(04)", "value": 1}, {"source": "213\u7a0b\u8001\u5e08", "target": "\u9ad8\u4e09(05)", "value": 1}, {"source": "213\u7a0b\u8001\u5e08", "target": "\u9ad8\u4e09(06)", "value": 1}, {"source": "213\u7a0b\u8001\u5e08", "target": "\u9ad8\u4e09(10)", "value": 1}, {"source": "213\u7a0b\u8001\u5e08", "target": "\u9ad8\u4e09(11)", "value": 1}, {"source": "213\u7a0b\u8001\u5e08", "target": "\u9ad8\u4e00(01)", "value": 1}, {"source": "213\u7a0b\u8001\u5e08", "target": "\u9ad8\u4e00(02)", "value": 1}, {"source": "213\u7a0b\u8001\u5e08", "target": "\u9ad8\u4e00(03)", "value": 1}, {"source": "213\u7a0b\u8001\u5e08", "target": "\u9ad8\u4e00(04)", "value": 1}, {"source": "213\u7a0b\u8001\u5e08", "target": "\u9ad8\u4e00(05)", "value": 1}, {"source": "213\u7a0b\u8001\u5e08", "target": "\u9ad8\u4e00(06)", "value": 1}, {"source": "213\u7a0b\u8001\u5e08", "target": "\u9ad8\u4e00(07)", "value": 1}, {"source": "213\u7a0b\u8001\u5e08", "target": "\u9ad8\u4e00(08)", "value": 1}, {"source": "213\u7a0b\u8001\u5e08", "target": "\u9ad8\u4e00(09)", "value": 1}, {"source": "213\u7a0b\u8001\u5e08", "target": "\u9ad8\u4e00(10)", "value": 1}, {"source": "215\u6c88\u8001\u5e08", "target": "\u9ad8\u4e8c(09)", "value": 1}, {"source": "215\u6c88\u8001\u5e08", "target": "\u9ad8\u4e8c(10)", "value": 1}, {"source": "215\u6c88\u8001\u5e08", "target": "\u9ad8\u4e8c(11)", "value": 1}, {"source": "215\u6c88\u8001\u5e08", "target": "\u9ad8\u4e8c(01)", "value": 1}, {"source": "215\u6c88\u8001\u5e08", "target": "\u9ad8\u4e09(01)", "value": 1}, {"source": "215\u6c88\u8001\u5e08", "target": "\u9ad8\u4e09(02)", "value": 1}, {"source": "215\u6c88\u8001\u5e08", "target": "\u9ad8\u4e09(03)", "value": 1}, {"source": "215\u6c88\u8001\u5e08", "target": "\u9ad8\u4e00(01)", "value": 1}, {"source": "215\u6c88\u8001\u5e08", "target": "\u9ad8\u4e00(02)", "value": 1}, {"source": "215\u6c88\u8001\u5e08", "target": "\u9ad8\u4e00(03)", "value": 1}, {"source": "215\u6c88\u8001\u5e08", "target": "\u9ad8\u4e00(04)", "value": 1}, {"source": "215\u6c88\u8001\u5e08", "target": "\u9ad8\u4e00(05)", "value": 1}, {"source": "219\u9648\u8001\u5e08", "target": "\u9ad8\u4e09(07)", "value": 1}, {"source": "220\u674e\u8001\u5e08", "target": "\u9ad8\u4e00(08)", "value": 1}, {"source": "220\u674e\u8001\u5e08", "target": "\u9ad8\u4e00(09)", "value": 1}, {"source": "220\u674e\u8001\u5e08", "target": "\u9ad8\u4e00(10)", "value": 1}, {"source": "223\u9648\u8001\u5e08", "target": "\u9ad8\u4e00(01)", "value": 1}, {"source": "223\u9648\u8001\u5e08", "target": "\u9ad8\u4e00(02)", "value": 1}, {"source": "223\u9648\u8001\u5e08", "target": "\u9ad8\u4e00(03)", "value": 1}, {"source": "224\u5f90\u8001\u5e08", "target": "\u9ad8\u4e8c(02)", "value": 1}, {"source": "224\u5f90\u8001\u5e08", "target": "\u9ad8\u4e8c(03)", "value": 1}, {"source": "225\u90d1\u8001\u5e08", "target": "\u9ad8\u4e09(05)", "value": 1}, {"source": "225\u90d1\u8001\u5e08", "target": "\u9ad8\u4e09(05)", "value": 1}, {"source": "225\u90d1\u8001\u5e08", "target": "\u9ad8\u4e09(06)", "value": 1}, {"source": "226\u5468\u8001\u5e08", "target": "\u9ad8\u4e00(08)", "value": 1}, {"source": "228\u5468\u8001\u5e08", "target": "\u9ad8\u4e00(10)", "value": 1}, {"source": "229\u4f55\u8001\u5e08", "target": "\u9ad8\u4e00(09)", "value": 1}, {"source": "233\u738b\u8001\u5e08", "target": "\u9ad8\u4e09(01)", "value": 1}, {"source": "233\u738b\u8001\u5e08", "target": "\u9ad8\u4e09(02)", "value": 1}, {"source": "233\u738b\u8001\u5e08", "target": "\u9ad8\u4e00(09)", "value": 1}, {"source": "234\u6768\u8001\u5e08", "target": "\u9ad8\u4e09(05)", "value": 1}, {"source": "234\u6768\u8001\u5e08", "target": "\u9ad8\u4e09(06)", "value": 1}, {"source": "234\u6768\u8001\u5e08", "target": "\u9ad8\u4e00(10)", "value": 1}, {"source": "242\u7fc1\u8001\u5e08", "target": "\u9ad8\u4e09(06)", "value": 1}, {"source": "243\u95f5\u8001\u5e08", "target": "\u9ad8\u4e00(07)", "value": 1}, {"source": "245\u6881\u8001\u5e08", "target": "\u9ad8\u4e00(02)", "value": 1}, {"source": "246\u90ac\u8001\u5e08", "target": "\u9ad8\u4e00(03)", "value": 1}, {"source": "246\u90ac\u8001\u5e08", "target": "\u9ad8\u4e00(04)", "value": 1}, {"source": "248\u53f6\u8001\u5e08", "target": "\u9ad8\u4e00(08)", "value": 1}, {"source": "248\u53f6\u8001\u5e08", "target": "\u9ad8\u4e00(09)", "value": 1}, {"source": "249\u6768\u8001\u5e08", "target": "\u9ad8\u4e09(01)", "value": 1}, {"source": "249\u6768\u8001\u5e08", "target": "\u9ad8\u4e09(02)", "value": 1}, {"source": "252\u90b5\u8001\u5e08", "target": "\u9ad8\u4e09(04)", "value": 1}, {"source": "252\u90b5\u8001\u5e08", "target": "\u9ad8\u4e09(03)", "value": 1}, {"source": "253\u53f2\u8001\u5e08", "target": "\u9ad8\u4e8c(02)", "value": 1}, {"source": "253\u53f2\u8001\u5e08", "target": "\u9ad8\u4e8c(03)", "value": 1}, {"source": "253\u53f2\u8001\u5e08", "target": "\u9ad8\u4e8c(01)", "value": 1}, {"source": "256\u51af\u8001\u5e08", "target": "\u9ad8\u4e8c(07)", "value": 1}, {"source": "256\u51af\u8001\u5e08", "target": "\u9ad8\u4e8c(08)", "value": 1}, {"source": "256\u51af\u8001\u5e08", "target": "\u9ad8\u4e8c(09)", "value": 1}, {"source": "256\u51af\u8001\u5e08", "target": "\u9ad8\u4e8c(11)", "value": 1}, {"source": "257\u5e84\u8001\u5e08", "target": "\u9ad8\u4e09(05)", "value": 1}, {"source": "257\u5e84\u8001\u5e08", "target": "\u9ad8\u4e09(07)", "value": 1}, {"source": "259\u5468\u8001\u5e08", "target": "\u9ad8\u4e8c(07)", "value": 1}, {"source": "259\u5468\u8001\u5e08", "target": "\u9ad8\u4e8c(08)", "value": 1}, {"source": "259\u5468\u8001\u5e08", "target": "\u9ad8\u4e8c(09)", "value": 1}, {"source": "262\u6548\u8001\u5e08", "target": "\u9ad8\u4e8c(02)", "value": 1}, {"source": "262\u6548\u8001\u5e08", "target": "\u9ad8\u4e8c(03)", "value": 1}, {"source": "262\u6548\u8001\u5e08", "target": "\u9ad8\u4e8c(04)", "value": 1}, {"source": "262\u6548\u8001\u5e08", "target": "\u9ad8\u4e8c(05)", "value": 1}, {"source": "262\u6548\u8001\u5e08", "target": "\u9ad8\u4e8c(06)", "value": 1}, {"source": "262\u6548\u8001\u5e08", "target": "\u9ad8\u4e8c(07)", "value": 1}, {"source": "262\u6548\u8001\u5e08", "target": "\u9ad8\u4e8c(08)", "value": 1}, {"source": "262\u6548\u8001\u5e08", "target": "\u9ad8\u4e8c(09)", "value": 1}, {"source": "262\u6548\u8001\u5e08", "target": "\u9ad8\u4e8c(10)", "value": 1}, {"source": "262\u6548\u8001\u5e08", "target": "\u9ad8\u4e8c(11)", "value": 1}, {"source": "262\u6548\u8001\u5e08", "target": "\u9ad8\u4e8c(01)", "value": 1}, {"source": "262\u6548\u8001\u5e08", "target": "\u9ad8\u4e09(12) ", "value": 1}, {"source": "262\u6548\u8001\u5e08", "target": "\u9ad8\u4e09(04)", "value": 1}, {"source": "262\u6548\u8001\u5e08", "target": "\u9ad8\u4e09(08)", "value": 1}, {"source": "262\u6548\u8001\u5e08", "target": "\u9ad8\u4e09(09)", "value": 1}, {"source": "262\u6548\u8001\u5e08", "target": "\u9ad8\u4e09(01)", "value": 1}, {"source": "262\u6548\u8001\u5e08", "target": "\u9ad8\u4e09(05)", "value": 1}, {"source": "262\u6548\u8001\u5e08", "target": "\u9ad8\u4e09(02)", "value": 1}, {"source": "262\u6548\u8001\u5e08", "target": "\u9ad8\u4e09(06)", "value": 1}, {"source": "262\u6548\u8001\u5e08", "target": "\u9ad8\u4e09(10)", "value": 1}, {"source": "262\u6548\u8001\u5e08", "target": "\u9ad8\u4e09(03)", "value": 1}, {"source": "262\u6548\u8001\u5e08", "target": "\u9ad8\u4e09(07)", "value": 1}, {"source": "262\u6548\u8001\u5e08", "target": "\u9ad8\u4e09(11)", "value": 1}, {"source": "262\u6548\u8001\u5e08", "target": "\u9ad8\u4e00(01)", "value": 1}, {"source": "262\u6548\u8001\u5e08", "target": "\u9ad8\u4e00(02)", "value": 1}, {"source": "262\u6548\u8001\u5e08", "target": "\u9ad8\u4e00(03)", "value": 1}, {"source": "262\u6548\u8001\u5e08", "target": "\u9ad8\u4e00(04)", "value": 1}, {"source": "262\u6548\u8001\u5e08", "target": "\u9ad8\u4e00(05)", "value": 1}, {"source": "262\u6548\u8001\u5e08", "target": "\u9ad8\u4e00(06)", "value": 1}, {"source": "262\u6548\u8001\u5e08", "target": "\u9ad8\u4e00(07)", "value": 1}, {"source": "262\u6548\u8001\u5e08", "target": "\u9ad8\u4e00(08)", "value": 1}, {"source": "262\u6548\u8001\u5e08", "target": "\u9ad8\u4e00(09)", "value": 1}, {"source": "262\u6548\u8001\u5e08", "target": "\u9ad8\u4e00(10)", "value": 1}, {"source": "264\u5f20\u8001\u5e08", "target": "\u9ad8\u4e09(10)", "value": 1}, {"source": "265\u5f20\u8001\u5e08", "target": "\u9ad8\u4e00(05)", "value": 1}, {"source": "265\u5f20\u8001\u5e08", "target": "\u9ad8\u4e00(06)", "value": 1}, {"source": "266\u53f6\u8001\u5e08", "target": "\u9ad8\u4e00(04)", "value": 1}, {"source": "268\u6731\u8001\u5e08", "target": "\u9ad8\u4e09(09)", "value": 1}, {"source": "268\u6731\u8001\u5e08", "target": "\u9ad8\u4e09(06)", "value": 1}, {"source": "269\u9a6c\u8001\u5e08", "target": "\u9ad8\u4e8c(10)", "value": 1}, {"source": "269\u9a6c\u8001\u5e08", "target": "\u9ad8\u4e8c(11)", "value": 1}, {"source": "271\u8303\u8001\u5e08", "target": "\u9ad8\u4e8c(10)", "value": 1}, {"source": "272\u90d1\u8001\u5e08", "target": "\u9ad8\u4e00(05)", "value": 1}, {"source": "272\u90d1\u8001\u5e08", "target": "\u9ad8\u4e00(07)", "value": 1}, {"source": "273\u674e\u8001\u5e08", "target": "\u9ad8\u4e00(10)", "value": 1}, {"source": "274\u738b\u8001\u5e08", "target": "\u9ad8\u4e09(08)", "value": 1}, {"source": "274\u738b\u8001\u5e08", "target": "\u9ad8\u4e09(07)", "value": 1}, {"source": "274\u738b\u8001\u5e08", "target": "\u9ad8\u4e09(07)", "value": 1}, {"source": "275\u738b\u8001\u5e08", "target": "\u9ad8\u4e09(05)", "value": 1}, {"source": "275\u738b\u8001\u5e08", "target": "\u9ad8\u4e09(06)", "value": 1}, {"source": "275\u738b\u8001\u5e08", "target": "\u9ad8\u4e09(06)", "value": 1}, {"source": "276\u4efb\u8001\u5e08", "target": "\u9ad8\u4e09(08)", "value": 1}, {"source": "276\u4efb\u8001\u5e08", "target": "\u9ad8\u4e09(09)", "value": 1}, {"source": "276\u4efb\u8001\u5e08", "target": "\u9ad8\u4e09(10)", "value": 1}, {"source": "281\u738b\u8001\u5e08", "target": "\u9ad8\u4e00(05)", "value": 1}, {"source": "281\u738b\u8001\u5e08", "target": "\u9ad8\u4e00(06)", "value": 1}, {"source": "281\u738b\u8001\u5e08", "target": "\u9ad8\u4e00(07)", "value": 1}, {"source": "307\u6731\u8001\u5e08", "target": "\u9ad8\u4e09(08)", "value": 1}, {"source": "307\u6731\u8001\u5e08", "target": "\u9ad8\u4e09(07)", "value": 1}, {"source": "312\u8fc7\u8001\u5e08", "target": "\u9ad8\u4e8c(06)", "value": 1}, {"source": "312\u8fc7\u8001\u5e08", "target": "\u9ad8\u4e8c(07)", "value": 1}, {"source": "312\u8fc7\u8001\u5e08", "target": "\u9ad8\u4e8c(08)", "value": 1}, {"source": "312\u8fc7\u8001\u5e08", "target": "\u9ad8\u4e09(04)", "value": 1}, {"source": "312\u8fc7\u8001\u5e08", "target": "\u9ad8\u4e09(05)", "value": 1}, {"source": "312\u8fc7\u8001\u5e08", "target": "\u9ad8\u4e09(06)", "value": 1}, {"source": "312\u8fc7\u8001\u5e08", "target": "\u9ad8\u4e00(06)", "value": 1}, {"source": "312\u8fc7\u8001\u5e08", "target": "\u9ad8\u4e00(07)", "value": 1}, {"source": "312\u8fc7\u8001\u5e08", "target": "\u9ad8\u4e00(08)", "value": 1}, {"source": "312\u8fc7\u8001\u5e08", "target": "\u9ad8\u4e00(09)", "value": 1}, {"source": "312\u8fc7\u8001\u5e08", "target": "\u9ad8\u4e00(10)", "value": 1}, {"source": "314\u9648\u8001\u5e08", "target": "\u9ad8\u4e8c(04)", "value": 1}, {"source": "314\u9648\u8001\u5e08", "target": "\u9ad8\u4e8c(05)", "value": 1}, {"source": "314\u9648\u8001\u5e08", "target": "\u9ad8\u4e8c(06)", "value": 1}, {"source": "316\u9c81\u8001\u5e08", "target": "\u9ad8\u4e09(11)", "value": 1}, {"source": "316\u9c81\u8001\u5e08", "target": "\u9ad8\u4e09(11)", "value": 1}, {"source": "326\u5f20\u8001\u5e08", "target": "\u9ad8\u4e00(08)", "value": 1}, {"source": "326\u5f20\u8001\u5e08", "target": "\u9ad8\u4e00(09)", "value": 1}, {"source": "326\u5f20\u8001\u5e08", "target": "\u9ad8\u4e00(10)", "value": 1}, {"source": "328\u5b59\u8001\u5e08", "target": "\u9ad8\u4e8c(01)", "value": 1}, {"source": "329\u6768\u8001\u5e08", "target": "\u9ad8\u4e8c(02)", "value": 1}, {"source": "329\u6768\u8001\u5e08", "target": "\u9ad8\u4e8c(03)", "value": 1}, {"source": "329\u6768\u8001\u5e08", "target": "\u9ad8\u4e8c(04)", "value": 1}, {"source": "329\u6768\u8001\u5e08", "target": "\u9ad8\u4e8c(05)", "value": 1}, {"source": "329\u6768\u8001\u5e08", "target": "\u9ad8\u4e8c(01)", "value": 1}, {"source": "329\u6768\u8001\u5e08", "target": "\u9ad8\u4e09(08)", "value": 1}, {"source": "329\u6768\u8001\u5e08", "target": "\u9ad8\u4e09(09)", "value": 1}, {"source": "329\u6768\u8001\u5e08", "target": "\u9ad8\u4e09(01)", "value": 1}, {"source": "329\u6768\u8001\u5e08", "target": "\u9ad8\u4e09(02)", "value": 1}, {"source": "329\u6768\u8001\u5e08", "target": "\u9ad8\u4e09(03)", "value": 1}, {"source": "329\u6768\u8001\u5e08", "target": "\u9ad8\u4e09(07)", "value": 1}, {"source": "333\u5f90\u8001\u5e08", "target": "\u9ad8\u4e00(03)", "value": 1}, {"source": "333\u5f90\u8001\u5e08", "target": "\u9ad8\u4e00(04)", "value": 1}, {"source": "334\u5218\u8001\u5e08", "target": "\u9ad8\u4e00(05)", "value": 1}, {"source": "334\u5218\u8001\u5e08", "target": "\u9ad8\u4e00(06)", "value": 1}, {"source": "337\u5f20\u8001\u5e08", "target": "\u9ad8\u4e00(07)", "value": 1}, {"source": "337\u5f20\u8001\u5e08", "target": "\u9ad8\u4e00(08)", "value": 1}, {"source": "338\u674e\u8001\u5e08", "target": "\u9ad8\u4e09(12) ", "value": 1}, {"source": "338\u674e\u8001\u5e08", "target": "\u9ad8\u4e00(03)", "value": 1}, {"source": "338\u674e\u8001\u5e08", "target": "\u9ad8\u4e00(04)", "value": 1}, {"source": "339\u82cf\u8001\u5e08", "target": "\u9ad8\u4e8c(07)", "value": 1}, {"source": "339\u82cf\u8001\u5e08", "target": "\u9ad8\u4e00(05)", "value": 1}, {"source": "339\u82cf\u8001\u5e08", "target": "\u9ad8\u4e00(06)", "value": 1}, {"source": "339\u82cf\u8001\u5e08", "target": "\u9ad8\u4e00(07)", "value": 1}, {"source": "339\u82cf\u8001\u5e08", "target": "\u9ad8\u4e00(08)", "value": 1}, {"source": "340\u5434\u8001\u5e08", "target": "\u9ad8\u4e8c(08)", "value": 1}, {"source": "340\u5434\u8001\u5e08", "target": "\u9ad8\u4e8c(09)", "value": 1}, {"source": "340\u5434\u8001\u5e08", "target": "\u9ad8\u4e8c(10)", "value": 1}, {"source": "340\u5434\u8001\u5e08", "target": "\u9ad8\u4e8c(11)", "value": 1}]